polm23;polm23;polm23@domain.com;2010-06-02 02:13:43;0;4343
Strawberry;Strawberry;Strawberry@domain.com;2012-07-17 02:02:20;0;30361
Nathaniel;Nathaniel;Nathaniel@domain.com;2011-12-28 21:11:52;0;5634
sideshowbarker;sideshowbarker;sideshowbarker@domain.com;2010-09-08 03:14:41;0;47704
Xorlev;Xorlev;Xorlev@domain.com;2009-09-26 06:40:02;0;8065
phuclv;phuclv;phuclv@domain.com;2011-06-28 21:55:58;0;21655
Sean;Sean;Sean@domain.com;2018-04-05 06:11:43;0;101
erjiang;erjiang;erjiang@domain.com;2009-07-19 08:07:40;0;38176
rickster;rickster;rickster@domain.com;2011-09-22 03:53:47;0;113065
recursive;recursive;recursive@domain.com;2008-12-10 04:46:18;0;73225
Narro;Narro;Narro@domain.com;2016-01-08 13:04:12;0;330
Celsiuss;Celsiuss;Celsiuss@domain.com;2015-11-25 06:53:24;0;614
Lux;Lux;Lux@domain.com;2012-06-15 18:25:41;0;14639
mosvy;mosvy;mosvy@domain.com;2018-09-02 20:28:51;0;2215
Joshua;Joshua;Joshua@domain.com;2008-09-17 10:41:24;0;28726
T.J.Crowder;T.J. Crowder;T.J.Crowder@domain.com;2009-08-16 19:00:22;0;792889
EricDuminil;Eric Duminil;EricDuminil@domain.com;2016-06-03 18:18:21;0;45588
DavidSK;David SK;DavidSK@domain.com;2013-06-06 04:35:50;0;572
JWMittag;J W Mittag;JWMittag@domain.com;2008-08-26 18:27:55;0;316546
hobbs;hobbs;hobbs@domain.com;2009-08-08 19:16:57;0;166698
AlanLiang;Alan Liang;AlanLiang@domain.com;2020-03-19 08:25:53;0;1130
Felipe;Felipe;Felipe@domain.com;2014-05-20 03:47:34;0;5409
jimh;jimh;jimh@domain.com;2014-06-04 12:18:24;0;656
ComFreek;ComFreek;ComFreek@domain.com;2011-02-04 18:49:04;0;25942
AndersKaseorg;Anders Kaseorg;AndersKaseorg@domain.com;2009-05-31 15:06:08;0;2684
NilankaManoj;Nilanka Manoj;NilankaManoj@domain.com;2018-08-27 19:03:56;0;4494
PremChand;Prem Chand;PremChand@domain.com;2016-01-08 17:37:27;0;891
EduardoHerzer;Eduardo Herzer;EduardoHerzer@domain.com;2013-03-15 23:04:40;0;1435
user961186;user961186;user961186@domain.com;2011-09-23 20:54:08;0;91
rsan;rsan;rsan@domain.com;2011-10-24 12:29:32;0;1690
Costin;Costin;Costin@domain.com;2019-10-21 00:53:08;0;144
WaiHaLee;Wai Ha Lee;WaiHaLee@domain.com;2012-04-29 18:04:35;0;7200
lewkka;lewkka;lewkka@domain.com;2013-01-15 17:17:19;0;808
OllieStrevel;Ollie Strevel;OllieStrevel@domain.com;2013-08-01 08:49:14;0;795
MidnightGuest;Midnight Guest;MidnightGuest@domain.com;2012-02-16 18:46:14;0;1517
Makyen;Makyen;Makyen@domain.com;2014-06-25 06:26:38;0;24166
Maher;Maher;Maher@domain.com;2013-02-13 21:01:54;0;179
iravul;iravul;iravul@domain.com;2012-12-23 02:05:15;0;402
user427969;user427969;user427969@domain.com;2010-08-23 10:06:01;0;3734
DroidDev;DroidDev;DroidDev@domain.com;2016-07-27 02:16:43;0;650
Abhra;Abhra;Abhra@domain.com;2017-03-22 03:50:31;0;84
miguev;miguev;miguev@domain.com;2011-11-28 18:25:38;0;3937
jon;jon;jon@domain.com;2017-07-27 02:02:08;0;904
AlexVPerl;AlexVPerl;AlexVPerl@domain.com;2011-10-06 01:44:50;0;5963
Bellan;Bellan;Bellan@domain.com;2017-09-12 23:51:48;0;87
Brettins;Brettins;Brettins@domain.com;2011-07-08 05:31:02;0;339
SyedRazaMehdi;Syed Raza Mehdi;SyedRazaMehdi@domain.com;2013-08-19 14:08:58;0;3653
PabloDbSys;Pablo DbSys;PabloDbSys@domain.com;2017-03-24 12:15:04;0;415
MuhammadSaqib;Muhammad Saqib;MuhammadSaqib@domain.com;2011-09-03 00:08:06;0;1603
methodsignature;methodsignature;methodsignature@domain.com;2015-12-08 10:07:24;0;2044
RichardDavies;Richard Davies;RichardDavies@domain.com;2015-05-19 18:02:10;0;1
Gobinda;Gobinda;Gobinda@domain.com;2020-04-05 03:45:48;0;11
ManuPandu;Manu Pandu;ManuPandu@domain.com;2019-12-29 10:53:49;0;33
DaveC;DaveC;DaveC@domain.com;2017-02-07 20:11:39;0;3
Petr;Petr;Petr@domain.com;2019-03-21 22:23:01;0;516
red_rose;red_rose;red_rose@domain.com;2020-04-29 19:03:34;0;13
MrGPG;MrGPG;MrGPG@domain.com;2013-11-19 22:54:18;0;71
CarlosGarcia;Carlos Garcia;CarlosGarcia@domain.com;2018-04-23 22:15:56;0;898
rjziden;rj ziden;rjziden@domain.com;2020-05-14 16:02:42;0;1
RajeshRai;Rajesh Rai;RajeshRai@domain.com;2016-01-17 18:17:11;0;11
